preco_previsto,bedrooms,bathrooms,sqft_living,sqft_lot,floors,waterfront,view,condition,grade,sqft_above,sqft_basement,yr_built,yr_renovated,zipcode,lat,long,sqft_living15,sqft_lot15
361730.4689812762,4,1,1680,5043,1.5,0,0,4,6,1680,0,1911,0,98118,47.5354,-122.273,1560,5765
650610.53423782,3,2.5,2220,6380,1.5,0,0,4,8,1660,560,1931,0,98115,47.6974,-122.313,950,6380
286772.0230727573,3,2.25,1630,10962,1,0,0,4,8,1100,530,1977,0,98030,47.3801,-122.166,1830,8470
573459.5392352086,5,2.5,1710,9720,2,0,0,4,8,1710,0,1974,0,98005,47.5903,-122.157,2270,9672
250841.73003174106,2,1,850,6370,1,0,0,3,6,850,0,1951,0,98126,47.5198,-122.373,850,5170
585795.6396373087,4,2.75,2630,4501,2,0,0,3,8,2630,0,2015,0,98028,47.7748,-122.244,2380,4599
322964.9154095654,4,1.75,2290,7380,1,0,0,3,7,1390,900,1963,0,98178,47.5034,-122.245,1170,7381
453969.43467400345,4,2,1730,9139,2,0,0,3,8,1730,0,1957,0,98125,47.7181,-122.316,1410,7311
1270621.3474364534,3,1.75,2190,8500,1,0,0,4,9,2190,0,1957,0,98112,47.64,-122.285,2850,8868
591708.1746958103,3,1.75,1850,22767,1.5,0,4,5,6,1850,0,1908,0,98074,47.6144,-122.067,2700,17906
416759.0315740954,3,2.25,1840,11403,2,0,0,3,8,1840,0,1993,0,98045,47.4862,-121.797,2150,11403
468878.26181606395,4,2.25,1780,10748,2,0,0,4,8,1780,0,1964,0,98072,47.762,-122.11,2070,37680
480449.1149579567,4,2.25,2680,4673,2,0,0,3,7,2680,0,1999,0,98011,47.7539,-122.219,2460,4645
319847.79948674445,3,1.5,1140,15890,1,0,0,3,7,840,300,1985,0,98045,47.4752,-121.757,1200,15247
789460.7746869815,4,2.5,3330,7399,2,0,0,3,9,3330,0,2009,0,98052,47.679,-122.153,2640,8601
201575.95401512441,3,1.5,1140,8500,1,0,0,4,7,1140,0,1964,0,98022,47.2093,-122.005,1600,8500
436235.07588669815,3,2.5,2170,8169,2,0,0,3,8,2170,0,2003,0,98059,47.4833,-122.139,2240,6733
700563.7092323774,3,2.5,2350,3798,2,0,0,3,8,2350,0,2013,0,98029,47.543,-122.01,2020,3532
568470.3397340274,3,1.75,1560,7424,1,0,0,5,8,1560,0,1940,0,98117,47.6981,-122.374,1370,7424
266010.4030497822,2,1,920,43560,1,0,0,4,5,920,0,1923,0,98024,47.5245,-121.931,1530,11875
492675.7248354333,3,2.75,1560,77536,1,0,0,3,7,1400,160,1978,0,98072,47.7695,-122.126,2210,41449
777405.8143621779,4,2.5,2290,13416,2,0,0,4,9,2290,0,1981,0,98007,47.6194,-122.151,2680,13685
453936.6048030087,2,1.75,1160,6828,1,0,0,3,7,860,300,1941,0,98115,47.6937,-122.298,1250,6828
386272.65547867055,4,2,2500,36900,1,0,0,3,7,1540,960,1972,0,98038,47.3708,-122.049,1960,36900
230193.18672581887,3,2.5,1750,6725,1,0,0,3,7,1330,420,1993,0,98038,47.352,-122.058,1670,7744
342609.38241419423,4,1,1900,9000,1,0,0,4,7,1290,610,1948,0,98166,47.4629,-122.361,1950,10800
717821.7630452025,3,2.5,2410,9916,2,0,0,4,10,2410,0,1989,0,98052,47.6911,-122.103,2310,8212
235849.87951455722,2,1.5,1120,1312,2,0,0,3,7,1000,120,2004,0,98106,47.534,-122.364,1560,1314
239723.46940144603,3,1.75,1340,16480,1,0,0,4,7,1340,0,1968,0,98042,47.364,-122.162,1520,10451
360592.8399809678,2,1,760,6380,1,0,0,3,6,760,0,1941,0,98115,47.6914,-122.31,1590,6380
289266.0455227288,3,1.5,1150,11475,1,0,0,3,7,1150,0,1971,0,98045,47.4629,-121.744,1640,11475
1006151.7671992395,4,1.5,3120,7680,1,0,3,3,8,1660,1460,1956,0,98199,47.646,-122.39,2900,7680
1240223.8534420868,4,2.25,3490,6906,2,0,0,4,10,2280,1210,1928,0,98199,47.6424,-122.407,2540,6223
481555.4745462384,3,2.5,1740,4960,2,0,0,3,8,1740,0,1992,0,98029,47.5772,-121.998,1740,5021
267651.89149198704,3,2,1660,8641,2,0,0,4,8,1660,0,1987,0,98042,47.3663,-122.088,1490,8641
319478.79788162623,4,2.5,2110,4178,2,0,0,3,7,2110,0,2013,0,98042,47.3612,-122.081,2300,4142
301345.6049087457,4,2.5,2090,5195,2,0,0,3,7,2090,0,2007,0,98031,47.3986,-122.166,2090,5236
667468.7167709662,4,2.75,2330,3920,2,0,0,3,9,2330,0,2005,0,98029,47.5525,-121.99,2410,4063
133934.52323244367,3,1,880,18109,1,0,0,4,6,880,0,1970,0,98042,47.3634,-122.101,940,11193
264147.18682396703,3,1,1090,7315,1,0,0,5,6,1090,0,1981,0,98056,47.494,-122.165,1090,5800
210240.94470756498,2,2,1180,3003,2,0,0,3,6,1180,0,2005,0,98038,47.3491,-122.02,1310,3003
800549.6717816923,4,2.75,3100,7501,2,0,0,3,10,3100,0,1998,0,98052,47.6859,-122.109,3140,8672
474574.5671766049,2,1,1000,4950,1,0,0,3,7,800,200,1948,0,98116,47.5671,-122.394,1060,5500
311938.86726586067,4,1.75,1820,7381,1,0,0,5,7,1150,670,1962,0,98058,47.4567,-122.171,1610,8462
262471.67356721696,3,2.5,1940,8547,1,0,0,3,7,1460,480,1989,0,98030,47.3491,-122.177,1750,7803
253417.44661536152,2,1,1200,4880,1,0,0,3,6,980,220,1943,0,98106,47.5276,-122.346,1040,4880
277516.7114877928,4,2.5,2150,3721,2,0,0,3,8,2150,0,2007,0,98002,47.3363,-122.215,2150,3721
821561.0069831513,3,2.5,2960,6856,2,0,0,3,10,2960,0,2009,0,98074,47.5906,-122.057,3320,6856
286695.71257291076,3,1,1020,13504,1,0,0,5,7,1020,0,1959,0,98056,47.5121,-122.17,1110,11158
298949.12568532856,3,2.5,1740,4497,2,0,0,3,7,1740,0,2012,0,98042,47.3697,-122.117,1950,4486
2193944.3420541002,5,4,4580,4443,3,1,4,3,10,4580,0,2004,0,98075,47.5682,-122.059,2710,4443
281286.75403878477,4,2,1790,14690,1,0,1,4,7,1670,120,1960,0,98198,47.3965,-122.321,2440,10664
244953.16083685914,3,2.5,1600,2231,2,0,0,3,7,1600,0,2003,0,98001,47.3314,-122.29,1600,2962
283328.2532577569,3,2.5,1770,9450,1,0,0,3,8,1770,0,1988,0,98001,47.3196,-122.272,2200,8582
495832.6638956142,3,2,1560,4080,2,0,0,3,7,1560,0,1923,1982,98115,47.6892,-122.319,1900,4080
376186.0999519783,4,2.5,2643,5750,2,0,0,3,8,2643,0,2012,0,98030,47.3519,-122.173,2406,5772
613701.9764846785,5,3.5,3420,6403,2,0,2,3,8,2700,720,2013,0,98065,47.5162,-121.874,2710,6038
428124.82350175414,3,1.75,2280,139392,1,0,0,3,8,2280,0,1977,0,98092,47.291,-122.118,2280,117176
372387.3723547728,5,2,2400,9537,1,0,0,5,7,1210,1190,1959,0,98056,47.5112,-122.186,1760,9533
871397.2540757649,4,2,2750,5527,2,0,0,3,8,2130,620,1901,1987,98119,47.6513,-122.368,1290,1764
518756.25227681175,4,2.5,2470,3811,2,0,0,3,8,2470,0,1999,0,98065,47.5362,-121.877,2400,4266
284020.07378537057,2,1,750,5120,1,0,0,4,6,750,0,1941,0,98126,47.5312,-122.375,930,7200
906159.2898415524,4,2.5,3210,8532,2,0,0,3,10,3210,0,1998,0,98007,47.625,-122.144,2950,6753
408703.5344987017,3,1.75,1430,16200,1,0,0,4,7,1430,0,1967,0,98027,47.5223,-122.043,1690,13125
290638.0953733519,3,1.5,1430,8960,1,0,0,4,6,1430,0,1953,0,98166,47.4759,-122.349,1560,10125
376203.5890165849,4,1.75,1650,7276,1,0,0,3,7,1010,640,1977,0,98011,47.7721,-122.206,1840,8550
489207.19003677083,3,2.25,1670,5004,2,0,0,3,8,1670,0,1987,0,98029,47.5688,-122.017,1850,5276
398301.660607851,4,2.5,2010,16020,1.5,0,0,5,8,2010,0,1962,0,98059,47.4821,-122.108,1420,16020
330872.0016516305,4,2.5,2610,7333,2,0,0,3,8,2610,0,1988,0,98003,47.2721,-122.293,2280,9033
458377.11136656854,4,2.5,2030,39049,1,0,0,4,7,1530,500,1953,0,98166,47.4413,-122.345,2400,14605
239998.0575861286,3,2.5,1560,4800,2,0,0,4,7,1560,0,1974,0,98001,47.2653,-122.285,1510,12240
770578.7649707019,4,2.75,2830,10240,2,0,0,4,9,2830,0,1998,0,98075,47.5903,-121.986,3490,10240
280960.97657108435,3,2,1470,16500,1,0,0,3,7,1470,0,1961,0,98042,47.3617,-122.061,1720,14406
737527.8379014623,5,1.5,2160,5000,1.5,0,2,4,8,2160,0,1926,0,98107,47.6645,-122.36,1450,4265
415267.8378736575,4,3.25,3266,5398,2,0,0,3,8,3266,0,2014,0,98023,47.2975,-122.35,3087,5152
577213.9034888869,4,4.5,4060,10800,2,0,0,3,10,4060,0,2007,0,98188,47.4241,-122.29,1830,9768
481344.16030044475,3,3.25,1370,1194,3,0,0,3,8,1370,0,2005,0,98107,47.6704,-122.391,1320,1217
396607.60923382617,2,2.5,1340,1240,2,0,0,3,8,1150,190,2008,0,98052,47.6858,-122.102,1280,1312
754966.3516005978,3,1.75,1690,8489,1,0,0,4,7,1690,0,1959,0,98004,47.6079,-122.192,1850,8536
266194.40177423425,3,2.25,1840,6750,1,0,0,4,7,1270,570,1980,0,98031,47.4075,-122.172,1750,7004
755545.7284478927,4,2.5,2590,8571,2,0,0,3,9,2590,0,1988,0,98052,47.691,-122.105,2360,8155
681393.1962160132,3,1.75,1800,5816,1,0,0,5,7,900,900,1947,0,98199,47.6529,-122.407,1650,5816
186773.30769581956,3,1,1450,6776,1,0,0,3,7,1450,0,1952,0,98178,47.5056,-122.244,1680,7200
379521.5901035523,4,2.25,2810,25990,2,0,0,3,8,1860,950,1959,0,98001,47.2993,-122.293,2020,16140
415519.6401264695,5,2.75,2710,4685,2,0,0,3,8,2710,0,2014,0,98038,47.3555,-122.062,2710,4449
855333.3358613389,6,3.75,4210,6105,2,0,0,3,9,3280,930,2008,0,98059,47.5211,-122.157,3820,6368
212605.5558805245,2,1,1088,8453,1,0,0,3,6,1088,0,1952,2009,98001,47.2685,-122.231,1088,8016
605352.4412334776,4,3,2620,214750,2,0,0,3,8,2620,0,1992,0,98058,47.4239,-122.068,2060,212137
707460.452196765,4,2.5,2440,6733,2,0,0,3,9,2440,0,1999,0,98074,47.6374,-122.064,2570,6496
335915.6378999601,2,1,1120,5329,1,0,1,3,6,750,370,1929,0,98126,47.5421,-122.378,1530,5330
252509.05359241355,3,1.75,1340,7210,1,0,0,4,7,1340,0,1975,0,98031,47.4182,-122.167,1370,7210
574664.746780331,3,2,1860,3600,1.5,0,0,3,7,1110,750,1915,0,98122,47.6102,-122.296,1680,3695
287215.1295010205,4,1.75,2080,8750,1,0,0,4,8,1330,750,1967,0,98032,47.3749,-122.291,1790,8750
461397.0879160026,3,2,1250,1306,3,0,0,3,7,1250,0,2000,0,98107,47.6705,-122.39,1320,1306
913525.9193588103,4,3,3580,35261,1.5,0,0,3,10,3580,0,1985,0,98072,47.7577,-122.134,3540,36750
709859.0721446788,3,2.5,2430,54059,2,0,0,3,10,2430,0,1987,0,98027,47.4664,-121.992,2910,49658
461462.09510113,2,2.5,1240,1249,3,0,0,3,8,1240,0,2006,0,98107,47.6718,-122.386,1240,2500
484389.5517786884,4,1.75,1860,9750,1,0,0,3,7,1460,400,1969,0,98034,47.7097,-122.202,1900,8913
663427.5814024284,5,1.75,2330,3800,1.5,0,0,3,7,1360,970,1927,0,98115,47.6835,-122.308,2100,3800
553910.5226540427,4,2.5,2550,4630,2,0,0,3,7,2550,0,2005,0,98075,47.5928,-122.004,2550,5151
